gesloten vragen test: a. vervolgvraag b. niks,a,[vervolg vragen test],sfgdfgdfgdfg
gesloten vragen test: a. vervolgvraag b. niks,a,[vervolg vragen test],asdasdasdasdasdasdasdasdasd
gesloten vragen test: a. vervolgvraag b. niks,1,Geen vervolg vraag
gesloten vragen test: a. vervolgvraag b. niks,1,Geen vervolg vraag
gesloten vragen test: a. vervolgvraag b. niks,a,[vervolg vragen test],dggdfdfgdftg
gesloten vragen test: a. vervolgvraag b. niks,a,[vervolg vragen test],sdfjksdhjkfkhjsdf
gesloten vragen test: a. vervolgvraag b. niks,a,[vervolg vragen test],asdjkasdjkas
gesloten vragen test: a. vervolgvraag b. niks,a,[vervolg vragen test],sdhjklfhjkdfgdfhjk
gesloten vragen test: a. vervolgvraag b. niks,a,[vervolg vragen test],sdfhjksdfjksdfhkbsdfk
gesloten vragen test: a. vervolgvraag b. niks,B,Geen vervolg vraag
gesloten vragen test: a. vervolgvraag b. niks,aajkldf,Geen vervolg vraag
gesloten vragen test1: a. vervolg b. niks,sdfhjksdfhj,Geen vervolg vraag
gesloten vragen test: a. vervolgvraag b. niks,a,[vervolg vragen test],asdfhjkjhsdf
gesloten vragen test: a. vervolgvraag b. niks,a,[vervolg vragen test],sdfhjsdfj
gesloten vragen test: a. vervolgvraag b. niks,a,[vervolg vragen test],ersdfjk
gesloten vragen test1: a. vervolg b. niks,hjknes,Geen vervolg vraag
open vragen test: wat is je naam,kwesrd
open vragen test1: a. vervolg b. niks,sdhjfk
gesloten vragen test: a. vervolgvraag b. niks,a,[vervolg vragen test],sdfkhjsdfhjkn
gesloten vragen test1: a. vervolg b. niks,hersddfgdfk,Geen vervolg vraag
open vragen test: wat is je naam,sdfgjkdfg
open vragen test1: a. vervolg b. niks,hkrdfdfg
gesloten vragen test: a. vervolgvraag b. niks,A,Geen vervolg vraag
gesloten vragen test1: a. vervolg b. niks,DDDDD,Geen vervolg vraag
open vragen test: wat is je naam,asdfgh
open vragen test1: a. vervolg b. niks,dfsfg
gesloten vragen test: a. vervolgvraag b. niks,a,[vervolg vragen test],afwefggffg
gesloten vragen test1: a. vervolg b. niks,a,[vervolg vragen test],asdfdf
open vragen test: wat is je naam?,sdsd
open vragen test1: wat is je leeftijd?,sdsd
gesloten vragen test: a. vervolgvraag b. niks,a,[vervolg vragen test],eafgrt
gesloten vragen test1: a. vervolg b. niks,b,Geen vervolg vraag
open vragen test: wat is je naam?,asaaswasd
open vragen test1: wat is je leeftijd?,sdsdfsd
gesloten vragen test: a. vervolgvraag b. niks,a,[vervolg vragen test],fgfgfg
gesloten vragen test1: a. vervolg b. niks,b,Geen vervolg vraag
open vragen test: wat is je naam?,ererreer
open vragen test1: wat is je leeftijd?,34
gesloten vragen test: a. vervolgvraag b. niks,a,[vervolg vragen test],fergd
gesloten vragen test1: a. vervolg b. niks,b,Geen vervolg vraag
open vragen test: wat is je naam?,ghf
open vragen test1: wat is je leeftijd?,34
gesloten vragen test: a. vervolgvraag b. niks,a,[vervolg vragen test],uhjkazskhjasdhkjas
gesloten vragen test1: a. vervolg b. niks,b,Geen vervolg vraag
open vragen test: wat is je naam?,ahjksdhkajsdhjkas
open vragen test1: wat is je leeftijd?,asdhzfaskhjdk
gesloten vragen test: a. vervolgvraag b. niks,a,[vervolg vragen test],kjslxjksdjklsd
gesloten vragen test1: a. vervolg b. niks,b,Geen vervolg vraag
open vragen test: wat is je naam?,sdhsdhkjsd
open vragen test1: wat is je leeftijd?,12
